Robert,Aderholt,AL,Robert_Aderholt,R,robert_aderholt
Lamar,Alexander,TN,SenAlexander,S,lamar_alexander
Justin,Amash,MI,,R,justin_amash
Kelly,Ayotte,NH,KellyAyotte,S,kelly_ayotte
Mark,Amodei,NV,MarkAmodeiNV2,R,mark_amodei
Rick,Allen,GA,reprickallen,R,rick_allen
Ralph,Abraham,LA,RepAbraham,R,ralph_abraham
Joe,Barton,TX,RepJoeBarton,R,joe_barton
Roy,Blunt,MO,RoyBlunt,S,roy_blunt
Kevin,Brady,TX,RepKevinBrady,R,kevin_brady
Richard,Burr,NC,SenatorBurr,S,richard_burr
John,Boozman,AR,JohnBoozman,S,john_boozman
Marsha,Blackburn,TN,MarshaBlackburn,R,marsha_blackburn
Michael,Burgess,TX,MichaelCBurgess,R,michael_burgess
Rob,Bishop,UT,RepRobBishop,R,rob_bishop
Charles,Boustany,LA,RepBoustany,R,charles_boustany
Gus,Bilirakis,FL,RepGusBilirakis,R,gus_bilirakis
Vern,Buchanan,FL,VernBuchanan,R,vern_buchanan
John,Barrasso,WY,SenJohnBarrasso,S,john_barrasso
Lou,Barletta,PA,RepLouBarletta,R,lou_barletta
Dan,Benishek,MI,CongressmanDan,R,dan_benishek
Diane,Black,TN,RepDianeBlack,R,diane_black
Mo,Brooks,AL,RepMoBrooks,R,mo_brooks
Larry,Bucshon,IN,RepLarryBucshon,R,larry_bucshon
Garland,Barr,KY,RepAndyBarr,R,garland_barr
Jim,Bridenstine,OK,RepJBridenstine,R,jim_bridenstine
Susan,Brooks,IN,SusanWBrooks,R,susan_brooks
Bradley,Byrne,AL,RepByrne,R,bradley_byrne
David,Brat,VA,RepDaveBrat,R,david_brat
Brian,Babin,TX,RepBrianBabin,R,brian_babin
Mike,Bishop,MI,RepMikeBishop,R,mike_bishop
Rod,Blum,IA,RepRodBlum,R,rod_blum
Mike,Bost,IL,RepBost,R,mike_bost
Ken,Buck,CO,RepKenBuck,R,ken_buck
Ken,Calvert,CA,KenCalvert,R,ken_calvert
Steve,Chabot,OH,RepSteveChabot,R,steve_chabot
Daniel,Coats,IN,SenDanCoats,S,daniel_coats
Thad,Cochran,MS,SenThadCochran,S,thad_cochran
Michael,Crapo,ID,MikeCrapo,S,michael_crapo
Susan,Collins,ME,SenatorCollins,S,susan_collins
Ander,Crenshaw,FL,AnderCrenshaw,R,ander_crenshaw
Shelley,Capito,WV,SenCapito,S,shelley_capito
John,Culberson,TX,CongCulberson,R,john_culberson
John,Carter,TX,JudgeCarter,R,john_carter
Tom,Cole,OK,TomColeOK04,R,tom_cole
John,Cornyn,TX,JohnCornyn,S,john_cornyn
K.,Conaway,TX,ConawayTX11,R,k._conaway
Bob,Corker,TN,SenBobCorker,S,bob_corker
Bill,Cassidy,LA,,S,bill_cassidy
Jason,Chaffetz,UT,JasonInTheHouse,R,jason_chaffetz
Mike,Coffman,CO,RepMikeCoffman,R,mike_coffman
Eric,Crawford,AR,RepRickCrawford,R,eric_crawford
Chris,Collins,NY,RepChrisCollins,R,chris_collins
Doug,Collins,GA,RepDougCollins,R,doug_collins
Paul,Cook,CA,RepPaulCook,R,paul_cook
Tom,Cotton,AR,SenTomCotton,S,tom_cotton
Kevin,Cramer,ND,RepKevinCramer,R,kevin_cramer
Ted,Cruz,TX,SenTedCruz,S,ted_cruz
Curtis,Clawson,FL,RepCurtClawson,R,curtis_clawson
Buddy,Carter,GA,RepBuddyCarter,R,buddy_carter
Barbara,Comstock,VA,RepComstock,R,barbara_comstock
Ryan,Costello,PA,RepRyanCostello,R,ryan_costello
Carlos,Curbelo,FL,RepCurbelo,R,carlos_curbelo
John,Duncan,TN,RepJohnDuncanJr,R,john_duncan
Mario,Diaz-Balart,FL,MarioDB,R,mario_diaz-balart
Charles,Dent,PA,,R,charles_dent
Jeff,Denham,CA,RepJeffDenham,R,jeff_denham
Bob,Dold,IL,RepDold,R,bob_dold
Sean,Duffy,WI,RepSeanDuffy,R,sean_duffy
Jeff,Duncan,SC,RepJeffDuncan,R,jeff_duncan
Scott,DesJarlais,TN,DesJarlaisTN04,R,scott_desjarlais
Steve,Daines,MT,SteveDaines,S,steve_daines
Rodney,Davis,IL,RodneyDavis,R,rodney_davis
Ron,DeSantis,FL,RepDeSantis,R,ron_desantis
Daniel,Donovan,NY,RepDanDonovan,R,daniel_donovan
Warren,Davidson,OH,,R,warren_davidson
Michael,Enzi,WY,SenatorEnzi,S,michael_enzi
Renee,Ellmers,NC,RepReneeEllmers,R,renee_ellmers
Tom,Emmer,MN,RepTomEmmer,R,tom_emmer
Joni,Ernst,IA,SenJoniErnst,S,joni_ernst
Rodney,Frelinghuysen,NJ,USRepRodney,R,rodney_frelinghuysen
Jeff,Flake,AZ,JeffFlake,S,jeff_flake
J.,Forbes,VA,Randy_Forbes,R,j._forbes
Trent,Franks,AZ,RepTrentFranks,R,trent_franks
Jeff,Fortenberry,NE,JeffFortenberry,R,jeff_fortenberry
Virginia,Foxx,NC,VirginiaFoxx,R,virginia_foxx
Michael,Fitzpatrick,PA,RepFitzpatrick,R,michael_fitzpatrick
John,Fleming,LA,RepFleming,R,john_fleming
Stephen,Fincher,TN,RepFincherTN08,R,stephen_fincher
Charles,Fleischmann,TN,RepChuck,R,charles_fleischmann
Blake,Farenthold,TX,Farenthold,R,blake_farenthold
Bill,Flores,TX,RepBillFlores,R,bill_flores
Deb,Fischer,NE,SenatorFischer,S,deb_fischer
Bob,Goodlatte,VA,RepGoodlatte,R,bob_goodlatte
Lindsey,Graham,SC,GrahamBlog,S,lindsey_graham
Kay,Granger,TX,RepKayGranger,R,kay_granger
Charles,Grassley,IA,ChuckGrassley,S,charles_grassley
Sam,Graves,MO,RepSamGraves,R,sam_graves
Scott,Garrett,NJ,RepGarrett,R,scott_garrett
Louie,Gohmert,TX,RepLouieGohmert,R,louie_gohmert
Brett,Guthrie,KY,RepGuthrie,R,brett_guthrie
Tom,Graves,GA,RepTomGraves,R,tom_graves
Cory,Gardner,CO,SenCoryGardner,S,cory_gardner
Bob,Gibbs,OH,RepBobGibbs,R,bob_gibbs
Christopher,Gibson,NY,RepChrisGibson,R,christopher_gibson
Paul,Gosar,AZ,RepGosar,R,paul_gosar
Trey,Gowdy,SC,TGowdySC,R,trey_gowdy
H.,Griffith,VA,RepMGriffith,R,h._griffith
Frank,Guinta,NH,RepFrankGuinta,R,frank_guinta
Glenn,Grothman,WI,RepGrothman,R,glenn_grothman
Garret,Graves,LA,RepGarretGraves,R,garret_graves
Orrin,Hatch,UT,SenOrrinHatch,S,orrin_hatch
Jeb,Hensarling,TX,RepHensarling,R,jeb_hensarling
Dean,Heller,NV,SenDeanHeller,S,dean_heller
Gregg,Harper,MS,GreggHarper,R,gregg_harper
Duncan,Hunter,CA,Rep_Hunter,R,duncan_hunter
Richard,Hanna,NY,RepRichardHanna,R,richard_hanna
Andy,Harris,MD,RepAndyHarrisMD,R,andy_harris
Vicky,Hartzler,MO,RepHartzler,R,vicky_hartzler
Joseph,Heck,NV,RepJoeHeck,R,joseph_heck
Jaime,Herrera Beutler,WA,HerreraBeutler,R,jaime_herrera beutler
Tim,Huelskamp,KS,CongHuelskamp,R,tim_huelskamp
Bill,Huizenga,MI,RepHuizenga,R,bill_huizenga
Randy,Hultgren,IL,RepHultgren,R,randy_hultgren
Robert,Hurt,VA,RepRobertHurt,R,robert_hurt
John,Hoeven,ND,SenJohnHoeven,S,john_hoeven
George,Holding,NC,RepHolding,R,george_holding
Richard,Hudson,NC,RepRichHudson,R,richard_hudson
Cresent,Hardy,NV,RepHardy,R,cresent_hardy
Jody,Hice,GA,congressmanhice,R,jody_hice
French,Hill,AR,RepFrenchHill,R,french_hill
Will,Hurd,TX,hurdonthehill,R,will_hurd
James,Inhofe,OK,InhofePress,S,james_inhofe
John,Isakson,GA,SenatorIsakson,S,john_isakson
Darrell,Issa,CA,DarrellIssa,R,darrell_issa
Sam,Johnson,TX,SamsPressShop,R,sam_johnson
Walter,Jones,NC,RepWalterJones,R,walter_jones
Jim,Jordan,OH,Jim_Jordan,R,jim_jordan
Lynn,Jenkins,KS,RepLynnJenkins,R,lynn_jenkins
Bill,Johnson,OH,RepBillJohnson,R,bill_johnson
Ron,Johnson,WI,SenRonJohnson,S,ron_johnson
David,Joyce,OH,RepDaveJoyce,R,david_joyce
David,Jolly,FL,USRepDavidJolly,R,david_jolly
Evan,Jenkins,WV,RepEvanJenkins,R,evan_jenkins
Peter,King,NY,RepPeteKing,R,peter_king
Mark,Kirk,IL,SenatorKirk,S,mark_kirk
Steve,King,IA,SteveKingIA,R,steve_king
John,Kline,MN,RepJohnKline,R,john_kline
Mike,Kelly,PA,MikeKellyPA,R,mike_kelly
Adam,Kinzinger,IL,RepKinzinger,R,adam_kinzinger
John,Katko,NY,RepJohnKatko,R,john_katko
Steve,Knight,CA,SteveKnight25,R,steve_knight
Trent,Kelly,MS,reptrentkelly,R,trent_kelly
Frank,Lucas,OK,RepFrankLucas,R,frank_lucas
Frank,LoBiondo,NJ,RepLoBiondo,R,frank_lobiondo
Doug,Lamborn,CO,RepDLamborn,R,doug_lamborn
Robert,Latta,OH,BobLatta,R,robert_latta
Leonard,Lance,NJ,RepLanceNJ7,R,leonard_lance
Blaine,Luetkemeyer,MO,RepBlainePress,R,blaine_luetkemeyer
Cynthia,Lummis,WY,CynthiaLummis,R,cynthia_lummis
Rau_l,Labrador,ID,Raul_Labrador,R,rau_l_labrador
James,Lankford,OK,SenatorLankford,S,james_lankford
Billy,Long,MO,USRepLong,R,billy_long
Mike,Lee,UT,SenMikeLee,S,mike_lee
Doug,LaMalfa,CA,RepLaMalfa,R,doug_lamalfa
Barry,Loudermilk,GA,RepLoudermilk,R,barry_loudermilk
Mia,Love,UT,repmialove,R,mia_love
Darin,LaHood,IL,RepLaHood,R,darin_lahood
John,McCain,AZ,SenJohnMcCain,S,john_mccain
Mitch,McConnell,KY,McConnellPress,S,mitch_mcconnell
John,Mica,FL,,R,john_mica
Jerry,Moran,KS,JerryMoran,S,jerry_moran
Jeff,Miller,FL,,R,jeff_miller
Candice,Miller,MI,CandiceMiller,R,candice_miller
Tim,Murphy,PA,RepTimMurphy,R,tim_murphy
Lisa,Murkowski,AK,LisaMurkowski,S,lisa_murkowski
Patrick,McHenry,NC,PatrickMcHenry,R,patrick_mchenry
Michael,McCaul,TX,RepMcCaul,R,michael_mccaul
Kenny,Marchant,TX,RepKenMarchant,R,kenny_marchant
Cathy,McMorris Rodgers,WA,CathyMcMorris,R,cathy_mcmorris rodgers
Kevin,McCarthy,CA,GOPLeader,R,kevin_mccarthy
Tom,McClintock,CA,RepMcClintock,R,tom_mcclintock
Tom,Marino,PA,RepTomMarino,R,tom_marino
David,McKinley,WV,RepMcKinley,R,david_mckinley
Patrick,Meehan,PA,RepMeehan,R,patrick_meehan
Mick,Mulvaney,SC,RepMickMulvaney,R,mick_mulvaney
Thomas,Massie,KY,RepThomasMassie,R,thomas_massie
Mark,Meadows,NC,RepMarkMeadows,R,mark_meadows
Luke,Messer,IN,RepLukeMesser,R,luke_messer
Markwayne,Mullin,OK,RepMullin,R,markwayne_mullin
Tom,MacArthur,NJ,RepTomMacArthur,R,tom_macarthur
John,Moolenaar,MI,RepMoolenaar,R,john_moolenaar
Alex,Mooney,WV,RepAlexMooney,R,alex_mooney
Martha,McSally,AZ,RepMcSally,R,martha_mcsally
Devin,Nunes,CA,Rep_DevinNunes,R,devin_nunes
Randy,Neugebauer,TX,RandyNeugebauer,R,randy_neugebauer
Kristi,Noem,SD,RepKristiNoem,R,kristi_noem
Richard,Nugent,FL,RepRichNugent,R,richard_nugent
Dan,Newhouse,WA,RepNewhouse,R,dan_newhouse
Pete,Olson,TX,RepPeteOlson,R,pete_olson
Joseph,Pitts,PA,RepJoePitts,R,joseph_pitts
Robert,Portman,OH,SenRobPortman,S,robert_portman
Stevan,Pearce,NM,RepStevePearce,R,stevan_pearce
Tom,Price,GA,RepTomPrice,R,tom_price
Ted,Poe,TX,JudgeTedPoe,R,ted_poe
Erik,Paulsen,MN,RepErikPaulsen,R,erik_paulsen
Bill,Posey,FL,CongBillPosey,R,bill_posey
Steven,Palazzo,MS,CongPalazzo,R,steven_palazzo
Mike,Pompeo,KS,RepMikePompeo,R,mike_pompeo
Rand,Paul,KY,,S,rand_paul
Scott,Perry,PA,RepScottPerry,R,scott_perry
Robert,Pittenger,NC,RepPittenger,R,robert_pittenger
Gary,Palmer,AL,USRepGaryPalmer,R,gary_palmer
Bruce,Poliquin,ME,RepPoliquin,R,bruce_poliquin
David,Perdue,GA,sendavidperdue,S,david_perdue
Pat,Roberts,KS,SenPatRoberts,S,pat_roberts
Harold,Rogers,KY,RepHalRogers,R,harold_rogers
Dana,Rohrabacher,CA,,R,dana_rohrabacher
Ileana,Ros-Lehtinen,FL,RosLehtinen,R,ileana_ros-lehtinen
Edward,Royce,CA,RepEdRoyce,R,edward_royce
Paul,Ryan,WI,SpeakerRyan,R,paul_ryan
Mike,Rogers,AL,RepMikeRogersAL,R,mike_rogers
David,Reichert,WA,DaveReichert,R,david_reichert
Peter,Roskam,IL,PeterRoskam,R,peter_roskam
David,Roe,TN,DrPhilRoe,R,david_roe
Thomas,Rooney,FL,TomRooney,R,thomas_rooney
James,Risch,ID,SenatorRisch,S,james_risch
Tom,Reed,NY,RepTomReed,R,tom_reed
James,Renacci,OH,RepJimRenacci,R,james_renacci
Reid,Ribble,WI,RepRibble,R,reid_ribble
Edward,Rigell,VA,RepScottRigell,R,edward_rigell
Martha,Roby,AL,RepMarthaRoby,R,martha_roby
Todd,Rokita,IN,ToddRokita,R,todd_rokita
Dennis,Ross,FL,RepDennisRoss,R,dennis_ross
Marco,Rubio,FL,SenRubioPress,S,marco_rubio
Tom,Rice,SC,RepTomRice,R,tom_rice
Keith,Rothfus,PA,KeithRothfus,R,keith_rothfus
John,Ratcliffe,TX,RepRatcliffe,R,john_ratcliffe
David,Rouzer,NC,RepDavidRouzer,R,david_rouzer
Steve,Russell,OK,RepRussell,R,steve_russell
Mike,Rounds,SD,SenatorRounds,S,mike_rounds
Matt,Salmon,AZ,RepMattSalmon,R,matt_salmon
Marshall,Sanford,SC,RepSanfordSC,R,marshall_sanford
F.,Sensenbrenner,WI,JimPressOffice,R,f._sensenbrenner
Pete,Sessions,TX,PeteSessions,R,pete_sessions
Richard,Shelby,AL,SenShelby,S,richard_shelby
John,Shimkus,IL,RepShimkus,R,john_shimkus
Christopher,Smith,NJ,RepChrisSmith,R,christopher_smith
Lamar,Smith,TX,LamarSmithTX21,R,lamar_smith
Jefferson,Sessions,AL,SenatorSessions,S,jefferson_sessions
Michael,Simpson,ID,CongMikeSimpson,R,michael_simpson
Bill,Shuster,PA,RepBillShuster,R,bill_shuster
Adrian,Smith,NE,RepAdrianSmith,R,adrian_smith
Steve,Scalise,LA,SteveScalise,R,steve_scalise
David,Schweikert,AZ,RepDavid,R,david_schweikert
Tim,Scott,SC,SenatorTimScott,S,tim_scott
Steve,Stivers,OH,RepSteveStivers,R,steve_stivers
Marlin,Stutzman,IN,RepStutzman,R,marlin_stutzman
Austin,Scott,GA,AustinScottGA08,R,austin_scott
Chris,Stewart,UT,RepChrisStewart,R,chris_stewart
Jason,Smith,MO,RepJasonSmith,R,jason_smith
Elise,Stefanik,NY,RepStefanik,R,elise_stefanik
Benjamin,Sasse,NE,SenSasse,S,benjamin_sasse
Dan,Sullivan,AK,SenDanSullivan,S,dan_sullivan
Mac,Thornberry,TX,MacTXPress,R,mac_thornberry
John,Thune,SD,SenJohnThune,S,john_thune
Patrick,Toomey,PA,SenToomey,S,patrick_toomey
Patrick,Tiberi,OH,TiberiPress,R,patrick_tiberi
Michael,Turner,OH,RepMikeTurner,R,michael_turner
Glenn,Thompson,PA,CongressmanGT,R,glenn_thompson
Scott,Tipton,CO,RepTipton,R,scott_tipton
Dave,Trott,MI,repdavetrott,R,dave_trott
Thom,Tillis,NC,senthomtillis,S,thom_tillis
Fred,Upton,MI,RepFredUpton,R,fred_upton
David,Vitter,LA,,S,david_vitter
David,Valadao,CA,RepDavidValadao,R,david_valadao
Ed,Whitfield,KY,RepEdWhitfield,R,ed_whitfield
Roger,Wicker,MS,SenatorWicker,S,roger_wicker
Greg,Walden,OR,RepGregWalden,R,greg_walden
Joe,Wilson,SC,RepJoeWilson,R,joe_wilson
Lynn,Westmoreland,GA,RepWestmoreland,R,lynn_westmoreland
Tim,Walberg,MI,RepWalberg,R,tim_walberg
Robert,Wittman,VA,RobWittman,R,robert_wittman
Daniel,Webster,FL,RepWebster,R,daniel_webster
Steve,Womack,AR,Rep_SteveWomack,R,steve_womack
Rob,Woodall,GA,RepRobWoodall,R,rob_woodall
Ann,Wagner,MO,RepAnnWagner,R,ann_wagner
Jackie,Walorski,IN,RepWalorski,R,jackie_walorski
Randy,Weber,TX,TXRandy14,R,randy_weber
Brad,Wenstrup,OH,RepBradWenstrup,R,brad_wenstrup
Roger,Williams,TX,RepRWilliams,R,roger_williams
Mark,Walker,NC,RepMarkWalker,R,mark_walker
Mimi,Walters,CA,RepMimiWalters,R,mimi_walters
Bruce,Westerman,AR,RepWesterman,R,bruce_westerman
Don,Young,AK,RepDonYoung,R,don_young
Kevin,Yoder,KS,RepKevinYoder,R,kevin_yoder
Todd,Young,IN,RepToddYoung,R,todd_young
Ted,Yoho,FL,RepTedYoho,R,ted_yoho
David,Young,IA,RepDavidYoung,R,david_young
Lee,Zeldin,NY,RepLeeZeldin,R,lee_zeldin
Ryan,Zinke,MT,RepRyanZinke,R,ryan_zinke